{
  "r2": 0.46876816432928536,
  "mae": 100709864.67138211,
  "mape": 5.5573472249098055
}